{
    "loss": 1.68107008934021,
    "accuracy": 0.9568345546722412
}