{
    "loss": 7.2743306159973145,
    "accuracy": 0.5035971403121948
}